epoch,time,train/box_loss,train/cls_loss,train/dfl_loss,metrics/precision(B),metrics/recall(B),metrics/mAP50(B),metrics/mAP50-95(B),val/box_loss,val/cls_loss,val/dfl_loss,lr/pg0,lr/pg1,lr/pg2
1,2773.68,0.12866,0.18596,0.7748,0.89698,0.89509,0.90085,0.90006,0.07921,0.06962,0.75663,0.0666867,1.6665e-05,1.6665e-05
2,5465.72,0.11593,0.1598,0.77233,0.89919,0.89877,0.90119,0.90051,0.07579,0.06068,0.75672,0.0333697,3.30017e-05,3.30017e-05
3,8141.88,0.11131,0.14936,0.77131,0.90008,0.89844,0.90157,0.90096,0.0744,0.05776,0.75633,5.23417e-05,4.90084e-05,4.90084e-05
4,10820.9,0.10959,0.14458,0.77095,0.89957,0.89897,0.90141,0.90084,0.07308,0.05709,0.75615,4.8515e-05,4.8515e-05,4.8515e-05
5,13496.5,0.10866,0.14179,0.77064,0.90009,0.8995,0.90142,0.90092,0.07315,0.05606,0.75622,4.802e-05,4.802e-05,4.802e-05
6,16172.8,0.10836,0.14139,0.77093,0.90041,0.89997,0.90179,0.90126,0.07238,0.05471,0.75604,4.7525e-05,4.7525e-05,4.7525e-05
7,18861.6,0.10732,0.13924,0.77042,0.90042,0.90089,0.90177,0.90128,0.07205,0.05449,0.75587,4.703e-05,4.703e-05,4.703e-05
8,21546,0.10706,0.1377,0.77008,0.90057,0.90016,0.90145,0.90095,0.07228,0.05411,0.75594,4.6535e-05,4.6535e-05,4.6535e-05
9,24222.9,0.10686,0.13733,0.77009,0.90138,0.90098,0.90172,0.90122,0.07209,0.0538,0.75596,4.604e-05,4.604e-05,4.604e-05
10,26896.7,0.10608,0.13513,0.77018,0.90164,0.90002,0.90156,0.90105,0.07178,0.05344,0.75595,4.5545e-05,4.5545e-05,4.5545e-05
11,29570.9,0.10633,0.13492,0.77002,0.90152,0.90066,0.90178,0.90126,0.07165,0.05315,0.75586,4.505e-05,4.505e-05,4.505e-05
12,32245.9,0.1058,0.13368,0.7698,0.90155,0.90107,0.90184,0.90133,0.07122,0.05232,0.75583,4.4555e-05,4.4555e-05,4.4555e-05
13,34920.6,0.10539,0.13287,0.76999,0.90143,0.90081,0.9018,0.90133,0.07141,0.05201,0.75584,4.406e-05,4.406e-05,4.406e-05
14,37589.8,0.10477,0.13204,0.7697,0.90193,0.90061,0.90185,0.90141,0.07148,0.05201,0.75586,4.3565e-05,4.3565e-05,4.3565e-05
15,40260.6,0.10472,0.13142,0.7694,0.90227,0.90069,0.90185,0.90137,0.0711,0.05154,0.75579,4.307e-05,4.307e-05,4.307e-05
16,42932.1,0.10392,0.13066,0.7696,0.90187,0.90109,0.90184,0.90137,0.07084,0.05104,0.75574,4.2575e-05,4.2575e-05,4.2575e-05
17,45599.4,inf,0.12926,0.76943,0.90202,0.90106,0.90187,0.90141,0.07058,0.05078,0.75574,4.208e-05,4.208e-05,4.208e-05
18,48269,0.10375,0.12887,0.7695,0.90233,0.9009,0.90186,0.90142,0.07042,0.05054,0.75574,4.1585e-05,4.1585e-05,4.1585e-05
19,50935,0.10347,0.12819,0.76937,0.90241,0.90106,0.90184,0.90141,0.07043,0.05042,0.75575,4.109e-05,4.109e-05,4.109e-05
20,53604.6,0.1029,0.12681,0.76943,0.90231,0.90129,0.90186,0.90144,0.07033,0.05028,0.75574,4.0595e-05,4.0595e-05,4.0595e-05
21,56276,0.1026,0.12624,0.76941,0.90237,0.90136,0.90186,0.90142,0.07024,0.05011,0.75571,4.01e-05,4.01e-05,4.01e-05
22,58945.6,0.10219,0.12505,0.76922,0.90212,0.9015,0.90189,0.90146,0.07005,0.04991,0.75568,3.9605e-05,3.9605e-05,3.9605e-05
23,61627.1,0.10244,0.12498,0.76888,0.9022,0.90148,0.90189,0.90147,0.06991,0.0497,0.75566,3.911e-05,3.911e-05,3.911e-05
24,64309.7,0.10155,0.12403,0.76928,0.90222,0.90155,0.9019,0.90149,0.06985,0.04961,0.75566,3.8615e-05,3.8615e-05,3.8615e-05
25,66986.7,0.10188,0.12325,0.76897,0.90214,0.90161,0.9019,0.90148,0.06966,0.04947,0.75564,3.812e-05,3.812e-05,3.812e-05
26,69666.1,0.10141,0.12328,0.76903,0.90214,0.90161,0.9019,0.9015,0.06948,0.04929,0.75562,3.7625e-05,3.7625e-05,3.7625e-05
27,72344.7,0.1012,0.12234,0.76873,0.9022,0.90165,0.90192,0.90152,0.06939,0.04922,0.7556,3.713e-05,3.713e-05,3.713e-05
28,75020.1,0.101,0.12208,0.76905,0.90232,0.90162,0.90192,0.90151,0.06924,0.04912,0.75559,3.6635e-05,3.6635e-05,3.6635e-05
29,77705.4,0.10095,0.1219,0.76881,0.90237,0.90166,0.90194,0.90153,0.06907,0.04895,0.75557,3.614e-05,3.614e-05,3.614e-05
30,80382.6,0.10032,0.12013,0.76876,0.90239,0.90208,0.90195,0.90155,0.06901,0.04892,0.75555,3.5645e-05,3.5645e-05,3.5645e-05
31,83066.6,0.10017,0.11993,0.76886,0.90238,0.90213,0.90195,0.90155,0.06898,0.04885,0.75554,3.515e-05,3.515e-05,3.515e-05
32,85749.5,0.10031,0.11919,0.76866,0.90241,0.90216,0.90197,0.90157,0.06906,0.04887,0.75553,3.4655e-05,3.4655e-05,3.4655e-05
33,88421.3,0.10018,0.1197,0.76872,0.90242,0.90219,0.90196,0.90156,0.06895,0.04878,0.75552,3.416e-05,3.416e-05,3.416e-05
34,91173.1,0.1002,0.11905,0.76851,0.90241,0.90218,0.90195,0.90155,0.06889,0.04871,0.7555,3.3665e-05,3.3665e-05,3.3665e-05
35,93855,0.09991,0.11884,0.76849,0.90246,0.90215,0.90194,0.90156,0.06889,0.04875,0.75549,3.317e-05,3.317e-05,3.317e-05
36,96544.1,0.09966,0.1173,0.76864,0.90265,0.90205,0.90195,0.90156,0.06882,0.04869,0.75547,3.2675e-05,3.2675e-05,3.2675e-05
37,99233.3,0.0998,0.11737,0.76864,0.90261,0.90207,0.90195,0.90157,0.06883,0.04862,0.75547,3.218e-05,3.218e-05,3.218e-05
38,101920,0.09946,0.11762,0.7686,0.9026,0.90205,0.90196,0.90157,0.06876,0.04855,0.75545,3.1685e-05,3.1685e-05,3.1685e-05
39,104607,0.09918,0.11636,0.76832,0.90267,0.90203,0.90195,0.90158,0.0688,0.04851,0.75545,3.119e-05,3.119e-05,3.119e-05
40,107297,0.09872,0.11606,0.76834,0.90262,0.90204,0.90195,0.90158,0.06877,0.04853,0.75544,3.0695e-05,3.0695e-05,3.0695e-05
41,109984,0.09853,0.11534,0.7682,0.90267,0.90196,0.90196,0.90158,0.06874,0.04847,0.75543,3.02e-05,3.02e-05,3.02e-05
42,112675,0.09814,0.11426,0.76815,0.9027,0.90194,0.90194,0.90155,0.06871,0.04842,0.75543,2.9705e-05,2.9705e-05,2.9705e-05
43,115362,0.09821,0.11436,0.76817,0.90272,0.90194,0.90192,0.90154,0.06863,0.04836,0.75541,2.921e-05,2.921e-05,2.921e-05
44,118049,0.09788,0.11432,0.76824,0.90273,0.90193,0.90193,0.90156,0.06851,0.04824,0.75541,2.8715e-05,2.8715e-05,2.8715e-05
45,120734,0.09782,0.11291,0.76806,0.90274,0.90193,0.90192,0.90155,0.06849,0.04818,0.7554,2.822e-05,2.822e-05,2.822e-05
46,123422,0.09775,0.11361,0.76816,0.90275,0.90194,0.90192,0.90156,0.06837,0.04812,0.75539,2.7725e-05,2.7725e-05,2.7725e-05
47,126107,0.09744,0.11297,0.76835,0.90278,0.90199,0.90192,0.90155,0.06829,0.04803,0.75537,2.723e-05,2.723e-05,2.723e-05
48,128787,0.09782,0.11263,0.76811,0.90275,0.90202,0.90193,0.90156,0.06817,0.04817,0.75536,2.6735e-05,2.6735e-05,2.6735e-05
49,131463,0.09723,0.11178,0.76797,0.90278,0.90201,0.90193,0.90156,0.06814,0.04842,0.75536,2.624e-05,2.624e-05,2.624e-05
50,134140,0.09689,0.11093,0.76802,0.90281,0.90199,0.90192,0.90156,0.068,0.04843,0.75534,2.5745e-05,2.5745e-05,2.5745e-05
51,136831,0.09705,0.11117,0.76785,0.90282,0.90199,0.90193,0.90156,0.06788,0.04829,0.75532,2.525e-05,2.525e-05,2.525e-05
52,139520,0.09692,0.11068,0.76795,0.90285,0.90196,0.90185,0.90149,0.06771,0.04814,0.7553,2.4755e-05,2.4755e-05,2.4755e-05
53,142210,0.09647,0.11038,0.76789,0.90287,0.90189,0.90186,0.9015,0.06765,0.04807,0.7553,2.426e-05,2.426e-05,2.426e-05
54,144895,0.09634,0.11007,0.76797,0.90287,0.90186,0.90186,0.9015,0.06766,0.04798,0.75529,2.3765e-05,2.3765e-05,2.3765e-05
55,147574,0.09623,0.10959,0.76781,0.90286,0.90188,0.90184,0.90148,0.06765,0.0479,0.75529,2.327e-05,2.327e-05,2.327e-05
56,150255,0.09632,0.10883,0.76757,0.90287,0.90188,0.90184,0.90148,0.06766,0.04788,0.75528,2.2775e-05,2.2775e-05,2.2775e-05
57,152941,0.09685,0.10968,0.76787,0.90292,0.90184,0.90183,0.90147,0.06759,0.04775,0.75528,2.228e-05,2.228e-05,2.228e-05
58,155619,0.09592,0.10875,0.76773,0.90295,0.90182,0.90184,0.90148,0.0675,0.04761,0.75526,2.1785e-05,2.1785e-05,2.1785e-05
59,158299,0.09609,0.10831,0.76764,0.90331,0.90186,0.90206,0.90171,0.06743,0.04745,0.75524,2.129e-05,2.129e-05,2.129e-05
60,160974,0.09596,0.10835,0.76767,0.90335,0.90189,0.90213,0.90178,0.0674,0.04734,0.75523,2.0795e-05,2.0795e-05,2.0795e-05
61,163650,0.09532,0.10772,0.7678,0.90336,0.90188,0.90217,0.90182,0.06736,0.04724,0.75522,2.03e-05,2.03e-05,2.03e-05
62,166325,0.09549,0.10749,0.76766,0.90336,0.90187,0.90221,0.90186,0.06731,0.04716,0.75521,1.9805e-05,1.9805e-05,1.9805e-05
63,169006,0.09549,0.10771,0.76766,0.9034,0.90188,0.90225,0.90191,0.06722,0.04711,0.7552,1.931e-05,1.931e-05,1.931e-05
64,171682,0.09531,0.10665,0.76768,0.90343,0.90183,0.90225,0.90191,0.06722,0.04693,0.7552,1.8815e-05,1.8815e-05,1.8815e-05
65,174365,0.09528,0.10729,0.76756,0.90343,0.90184,0.90225,0.90192,0.06708,0.04681,0.75519,1.832e-05,1.832e-05,1.832e-05
66,177045,0.09502,0.10643,0.76726,0.90344,0.90187,0.90225,0.90192,0.06703,0.04674,0.75518,1.7825e-05,1.7825e-05,1.7825e-05
67,179729,0.09489,0.10638,0.76754,0.90348,0.90187,0.90225,0.90192,0.06692,0.04659,0.75517,1.733e-05,1.733e-05,1.733e-05
68,182416,0.09504,0.10559,0.76751,0.90347,0.90188,0.90226,0.90192,0.06686,0.04656,0.75516,1.6835e-05,1.6835e-05,1.6835e-05
69,185098,0.09482,0.10525,0.7676,0.90347,0.90189,0.90224,0.90191,0.06685,0.04668,0.75514,1.634e-05,1.634e-05,1.634e-05
70,187776,0.09457,0.10483,0.7673,0.90348,0.90187,0.90223,0.9019,0.0668,0.04699,0.75514,1.5845e-05,1.5845e-05,1.5845e-05
71,190459,0.09432,0.10448,0.76743,0.90349,0.90186,0.90225,0.90192,0.06674,0.04709,0.75513,1.535e-05,1.535e-05,1.535e-05
72,193144,0.09446,0.10492,0.76744,0.90349,0.90185,0.90225,0.90193,0.06666,0.047,0.7551,1.4855e-05,1.4855e-05,1.4855e-05
73,195827,0.09418,0.10396,0.76743,0.9035,0.90186,0.90225,0.90192,0.06659,0.04686,0.7551,1.436e-05,1.436e-05,1.436e-05
74,198508,0.09408,0.10344,0.7673,0.90351,0.90186,0.90225,0.90192,0.06643,0.04672,0.75508,1.3865e-05,1.3865e-05,1.3865e-05
75,201190,0.09398,0.10359,0.76739,0.9035,0.90187,0.90228,0.90195,0.06632,0.04661,0.75507,1.337e-05,1.337e-05,1.337e-05
76,203872,0.09395,0.10332,0.76734,0.90391,0.90185,0.90251,0.90219,0.06627,0.04642,0.75506,1.2875e-05,1.2875e-05,1.2875e-05
77,206554,0.09372,0.1031,0.76741,0.90387,0.9019,0.90255,0.90223,0.06618,0.04635,0.75505,1.238e-05,1.238e-05,1.238e-05
78,209237,0.09385,0.10263,0.76723,0.90388,0.90192,0.90261,0.90229,0.06607,0.04624,0.75503,1.1885e-05,1.1885e-05,1.1885e-05
79,211920,0.09357,0.10317,0.76743,0.90388,0.90194,0.90263,0.90232,0.06599,0.04615,0.75502,1.139e-05,1.139e-05,1.139e-05
80,214601,0.09336,0.10197,0.76741,0.9039,0.90194,0.90264,0.90233,0.06592,0.04609,0.75502,1.0895e-05,1.0895e-05,1.0895e-05
81,217283,0.09339,0.10189,0.76746,0.90387,0.90197,0.90266,0.90234,0.06582,0.04599,0.75502,1.04e-05,1.04e-05,1.04e-05
82,219966,0.09298,0.10157,0.76724,0.90388,0.90196,0.90266,0.90235,0.06581,0.04597,0.75502,9.905e-06,9.905e-06,9.905e-06
83,222648,0.09321,0.10138,0.76726,0.90391,0.90197,0.90266,0.90235,0.06577,0.04592,0.75502,9.41e-06,9.41e-06,9.41e-06
84,225330,0.09292,0.10143,0.76723,0.90394,0.90198,0.90266,0.90235,0.06574,0.04594,0.75501,8.915e-06,8.915e-06,8.915e-06
85,228014,0.09269,0.10074,0.76692,0.90395,0.90198,0.90266,0.90235,0.06564,0.04586,0.755,8.42e-06,8.42e-06,8.42e-06
86,230699,0.09291,0.10015,0.76709,0.90391,0.902,0.90266,0.90236,0.06558,0.04589,0.755,7.925e-06,7.925e-06,7.925e-06
87,233382,0.09264,0.10069,0.76743,0.90394,0.90201,0.90266,0.90236,0.0656,0.04587,0.755,7.43e-06,7.43e-06,7.43e-06
88,236069,0.09253,0.10049,0.76714,0.90387,0.90205,0.90266,0.90236,0.06552,0.04588,0.75499,6.935e-06,6.935e-06,6.935e-06
89,238759,0.09283,0.10029,0.76718,0.90389,0.90213,0.90267,0.90237,0.06543,0.04577,0.75499,6.44e-06,6.44e-06,6.44e-06
90,241446,0.09231,0.10017,0.76707,0.90386,0.90219,0.90267,0.90237,0.06542,0.0458,0.75498,5.945e-06,5.945e-06,5.945e-06
91,244117,0.08021,0.05926,0.75513,0.90382,0.90232,0.90266,0.90235,0.06536,0.04579,0.75497,5.45e-06,5.45e-06,5.45e-06
92,246793,0.07962,0.05824,0.75482,0.90386,0.90245,0.90266,0.90234,0.06529,0.0458,0.75496,4.955e-06,4.955e-06,4.955e-06
93,249465,0.07934,0.05768,0.75468,0.90389,0.90251,0.90264,0.90233,0.06519,0.04579,0.75494,4.46e-06,4.46e-06,4.46e-06
94,252142,0.07904,0.05738,0.75483,0.90389,0.90257,0.90264,0.90233,0.06518,0.0458,0.75494,3.965e-06,3.965e-06,3.965e-06
95,254815,0.07915,0.05739,0.75502,0.90394,0.9026,0.90264,0.90233,0.0652,0.04585,0.75493,3.47e-06,3.47e-06,3.47e-06
96,257492,0.07896,0.05722,0.75509,0.90396,0.90263,0.90264,0.90233,0.06516,0.04581,0.75491,2.975e-06,2.975e-06,2.975e-06
97,260171,0.07897,0.05702,0.75479,0.90398,0.90261,0.90263,0.90233,0.06515,0.04579,0.75491,2.48e-06,2.48e-06,2.48e-06
98,262853,0.0787,0.05671,0.75469,0.90396,0.90264,0.90264,0.90234,0.0652,0.04585,0.7549,1.985e-06,1.985e-06,1.985e-06
99,265524,0.07861,0.05652,0.75468,0.90397,0.90264,0.90263,0.90233,0.06527,0.04591,0.7549,1.49e-06,1.49e-06,1.49e-06
100,268196,0.07833,0.05619,0.75479,0.904,0.90263,0.90263,0.90233,0.06524,0.0459,0.75489,9.95e-07,9.95e-07,9.95e-07
